type	destination	source	source_line_ranges	notes	sha256	source_range_sha256
section-extract	sections\existing\src\minecraft\net\minecraft\client\renderer\RenderGlobal.sky-cloud-sections.txt	src\minecraft\net\minecraft\client\renderer\RenderGlobal.java	120-154 (environment texture handles and sky/cloud state); 337-519 (sky dome, horizon geometry and star generation); 1640-1670 (cloud animation tick and periodic update); 1672-1742 (End six-face skybox); 1744-2074 (surface sky color, sunrise, sun, moon and stars); 2076-2178 (fast textured cloud plane); 2180-2183 (cloud fog query); 2185-2350 (fancy extruded cloud geometry); 3461-3464 (cloud display-list reset)	Copied existing captioned section: Primary vanilla sky, celestial and cloud geometry/render path.	A01FBE8EB255E8D6D20563DD78AF32A92B224DAB72743C42D9934BEAFD67E5AE	-
section-extract	sections\existing\src\minecraft\net\minecraft\client\renderer\EntityRenderer.sky-light-weather-sections.txt	src\minecraft\net\minecraft\client\renderer\EntityRenderer.java	104-105 (rain and snow texture handles); 1040-1234 (lightmap binding, torch flicker and 16x16 lightmap generation); 1517-1519 (renderWorld lightmap entry point); 1578-1653 (fog, sky and first cloud render call sites); 1821-1827 (weather render call site); 1880-1886 (above-clouds render call site); 1921-1940 (cloud render projection/fog wrapper); 2028-2197 (rain and snow quad rendering); 2214-2417 (sky/fog color calculation, rain, thunder, cloud and fluid fog); 2419-2584 (OpenGL/shader fog mode and distance setup); 2586-2599 (fog color buffer setup)	Copied existing captioned section: Camera/render orchestration, atmospheric fog, weather and the client lightmap.	0D867524B27AD8525766321552EFCCC7A07BB72822A5D294912B208712AD96AB	-
section-extract	sections\existing\src\minecraft\net\minecraft\world\World.sky-weather-light-sections.txt	src\minecraft\net\minecraft\world\World.java	688-944 (world light queries, SKY/BLOCK channels and combined light); 1498-1658 (skylight subtraction, sun, sky, celestial angle, clouds and fog); 1691-1700 (star brightness); 2537-2678 (initial skylight and weather state update); 2782-3000 (block and skylight propagation/checking); 3656-3715 (interpolated rain/thunder strengths and weather predicates); 3956-3974 (skylight subtraction and lightning state accessors)	Copied existing captioned section: World-side source of sky color, celestial state, weather attenuation and propagated light.	5B420F50CE6F9C457C1EFCD4506D6D5710B7319352D36E5D33323406B8669753	-
section-extract	sections\existing\src\minecraft\net\minecraft\world\WorldProvider.sky-time-fog-light-sections.txt	src\minecraft\net\minecraft\world\WorldProvider.java	44-76 (sky-light flag and dimension brightness table); 140-240 (celestial angle, moon phase, sunrise, fog and cloud height); 262-289 (dimension fog visibility, sky-light capability and brightness table access)	Copied existing captioned section: Base dimension contract used by the renderer for time, fog, clouds and sky light.	CE7A471F8C7EB439EF8C2BEB6AE9CF4000E86F6FCDDF6EB18A342F9AEBEFD174	-
section-extract	sections\existing\src\minecraft\net\minecraft\world\WorldProviderHell.dimension-sections.txt	src\minecraft\net\minecraft\world\WorldProviderHell.java	28-107 (Nether fog, no surface sky and Nether celestial/light overrides)	Copied existing captioned section: Nether-specific sky/fog/light behavior.	F7906123A8C777DADFF50C2EA41736FE1DA54B94C425AAA30DBA90FF1206667B	-
section-extract	sections\existing\src\minecraft\net\minecraft\world\WorldProviderEnd.dimension-sections.txt	src\minecraft\net\minecraft\world\WorldProviderEnd.java	39-126 (End celestial angle, fog, sky color, cloud height and sky visibility overrides)	Copied existing captioned section: End-specific sky/fog behavior.	C409E13A0C4445069935B5C64B691A347CD7E086F6A993990389E6D34F6057BE	-
section-extract	sections\existing\src\minecraft\net\minecraft\world\biome\Biome.sky-color-section.txt	src\minecraft\net\minecraft\world\biome\Biome.java	197-206 (temperature-to-sky-color conversion)	Copied existing captioned section: Biome contribution to the base surface sky color.	F02CBDFD75FD7F5B9A3EF7835306869FD2A78A490A77C32BA1AAED52BCA02290	-
section-extract	sections\existing\src\minecraft\net\minecraft\block\Block.light-properties-sections.txt	src\minecraft\net\minecraft\block\Block.java	66-70 (block light opacity and emitted-light fields); 192-210 (light opacity and light value accessors); 301-347 (default opacity and light-level builder methods); 490-500 (renderer packed-lightmap lookup)	Copied existing captioned section: Block-side inputs to propagated block light and vertex lightmaps.	FA967FF27FBD3989BFEDC77B91DD96BDBD048306CA07269E942B8C8CEE55AD10	-
section-extract	sections\existing\src\minecraft\net\minecraft\world\chunk\Chunk.skylight-storage-sections.txt	src\minecraft\net\minecraft\world\chunk\Chunk.java	329-605 (chunk skylight map generation and relighting); 607-902 (chunk light opacity, SKY/BLOCK storage and light subtraction); 1499-1635 (queued chunk relight checks)	Copied existing captioned section: Chunk-level storage and propagation bridge between World lighting and nibble arrays.	46E9E9129D33493FBEA426BB36BA943AF985C3B7C98C3BC2B06DA27101CC9FA0	-
section-extract	sections\existing\src\minecraft\net\minecraft\src\CustomColors.sky-fog-lightmap-sections.txt	src\minecraft\net\minecraft\src\CustomColors.java	48-83 (custom sky/fog/lightmap color state); 197-359 (custom colormap, fog and lightmap resource loading); 985-1026 (custom sky and fog color sampling); 1070-1179 (custom lightmap generation); 1181-1219 (world fog and sky color wrappers)	Copied existing captioned section: OptiFine custom-colors replacement path for sky, fog and lightmap output.	019BF693AB5A450D66BE409A63CC038A0C1876F257F5E1A16ECDA6331B64CA6E	-
section-extract	sections\existing\src\minecraft\net\minecraft\src\Config.sky-render-options-sections.txt	src\minecraft\net\minecraft\src\Config.java	634-676 (rain and cloud rendering options); 1149-1214 (sky, sun/moon, stars and texture gates); 1583-1594 (custom colors and custom sky gates); 2354-2369 (dynamic-light options)	Copied existing captioned section: OptiFine rendering gates used by vanilla and shader paths.	B59EFA4E8C51286CC52A22BDE999284C30B2D8ACEA1B7D3A80C5B0215B2F78FC	-
section-extract	sections\existing\src\minecraft\net\minecraft\client\settings\GameSettings.sky-render-options-sections.txt	src\minecraft\net\minecraft\client\settings\GameSettings.java	92-99 (render distance and vanilla cloud setting); 189-189 (gamma setting); 212-225 (OptiFine cloud height, weather, sky, stars and sun/moon settings); 1600-1603 (cloud render-distance gate)	Copied existing captioned section: User settings consumed by cloud, sky, weather, fog and lightmap code.	A2D0E1E389347BB56B207D94EA04925F014F349D4995696EB42C6D0EBEABB459	-
section-extract	sections\existing\src\minecraft\net\minecraft\world\storage\WorldInfo.weather-state-sections.txt	src\minecraft\net\minecraft\world\storage\WorldInfo.java	65-75 (serialized rain and thunder state fields); 581-640 (rain/thunder state and timer accessors)	Copied existing captioned section: Persistent weather state consumed by World.updateWeather().	8849A5DC2F3E76215BA36CC385BDD84AA08439C18BE0F888DC8E6EA2B74D0840	-
section-extract	sections\existing\src\minecraft\shadersmod\client\Shaders.sky-cloud-weather-light-sections.txt	src\minecraft\shadersmod\client\Shaders.java	110-126 (sky, fog and shadow state fields); 213-254 (shader program IDs and sky/cloud/weather/shadow program names); 3224-3240 (shader fog and clear-color uniforms); 3279-3415 (camera, celestial angle and shadow-light position setup); 3613-3689 (sky program, sky color, horizon and celestial hooks); 3720-3729 (cloud shader program hooks); 3852-3875 (weather shader program hooks); 4050-4064 (shader lightmap program switching)	Copied existing captioned section: ShaderMod bridge from vanilla sky/cloud/weather/light state into external GLSL shader-pack programs.	280231E1BCCD4CE932115C96BAE7769A3F55B4C788CF34620210ED40C150613C	-
section-extract	sections\existing\src\minecraft\shadersmod\client\ShadersRender.shadow-pass-section.txt	src\minecraft\shadersmod\client\ShadersRender.java	197-398 (shadow-map render pass and celestial-light shadow setup)	Copied existing captioned section: ShaderMod shadow framebuffer/pass path.	0D870021DC1089883334A76B4780B5B751005ED84EB36D919750CC1A1C27A4FC	-
section-extract	sections\existing\closure-additions\src\minecraft\net\minecraft\block\Block.light-registration-sections.txt	src\minecraft\net\minecraft\block\Block.java	1191-1512	Copied existing captioned section: Caption: Block registry and light constants. Input: Block constructors plus setLightOpacity/setLightLevel calls Output: Registered blocks with their canonical opacity and emitted-light values Consumers: World and Chunk light propagation, Block packed lightmap queries	E2B284431F6118C24F9AA8E87D916A6458F2DAD0DB917D3B2E39E50773560B6F	-
section-extract	sections\existing\closure-additions\src\minecraft\net\minecraft\block\Block.light-registration-sections.txt	src\minecraft\net\minecraft\block\BlockAir.java	73-90	Copied existing captioned section: Caption: OptiFine mutable air opacity helper. Input: A Block instance and replacement opacity Output: Saved/restored block lightOpacity Consumers: Custom resource/render configuration and World.checkLight	E2B284431F6118C24F9AA8E87D916A6458F2DAD0DB917D3B2E39E50773560B6F	-
section-extract	sections\existing\closure-additions\src\minecraft\net\minecraft\block\Block.light-registration-sections.txt	src\minecraft\net\minecraft\block\BlockAnvil.java	41-47	Copied existing captioned section: Caption: Anvil opacity. Input: Anvil material Output: Anvil lightOpacity = 0 Consumers: Chunk skylight propagation	E2B284431F6118C24F9AA8E87D916A6458F2DAD0DB917D3B2E39E50773560B6F	-
section-extract	sections\existing\closure-additions\src\minecraft\net\minecraft\block\Block.light-registration-sections.txt	src\minecraft\net\minecraft\block\BlockEnchantmentTable.java	28-33	Copied existing captioned section: Caption: Enchantment table opacity. Input: Rock material and map color Output: Light passes through the table with opacity 0 Consumers: Chunk skylight propagation	E2B284431F6118C24F9AA8E87D916A6458F2DAD0DB917D3B2E39E50773560B6F	-
section-extract	sections\existing\closure-additions\src\minecraft\net\minecraft\block\Block.light-registration-sections.txt	src\minecraft\net\minecraft\block\BlockEndGateway.java	22-26	Copied existing captioned section: Caption: End gateway emitted light. Input: Gateway material Output: Emitted block light level 15 Consumers: World.getRawLight and combined-light rendering	E2B284431F6118C24F9AA8E87D916A6458F2DAD0DB917D3B2E39E50773560B6F	-
section-extract	sections\existing\closure-additions\src\minecraft\net\minecraft\block\Block.light-registration-sections.txt	src\minecraft\net\minecraft\block\BlockEndPortal.java	25-29	Copied existing captioned section: Caption: End portal emitted light. Input: Portal material Output: Emitted block light level 15 Consumers: World.getRawLight and combined-light rendering	E2B284431F6118C24F9AA8E87D916A6458F2DAD0DB917D3B2E39E50773560B6F	-
section-extract	sections\existing\closure-additions\src\minecraft\net\minecraft\block\Block.light-registration-sections.txt	src\minecraft\net\minecraft\block\BlockFarmland.java	26-32	Copied existing captioned section: Caption: Farmland opacity. Input: Ground material and moisture state Output: Farmland lightOpacity = 255 Consumers: Chunk skylight propagation	E2B284431F6118C24F9AA8E87D916A6458F2DAD0DB917D3B2E39E50773560B6F	-
section-extract	sections\existing\closure-additions\src\minecraft\net\minecraft\block\Block.light-registration-sections.txt	src\minecraft\net\minecraft\block\BlockGrassPath.java	20-24	Copied existing captioned section: Caption: Grass path opacity. Input: Ground material Output: Grass path lightOpacity = 255 Consumers: Chunk skylight propagation	E2B284431F6118C24F9AA8E87D916A6458F2DAD0DB917D3B2E39E50773560B6F	-
section-extract	sections\existing\closure-additions\src\minecraft\net\minecraft\block\Block.light-registration-sections.txt	src\minecraft\net\minecraft\block\BlockLeaves.java	25-33	Copied existing captioned section: Caption: Leaves opacity. Input: Leaves material and render settings Output: Leaves lightOpacity = 1 Consumers: Chunk skylight propagation	E2B284431F6118C24F9AA8E87D916A6458F2DAD0DB917D3B2E39E50773560B6F	-
section-extract	sections\existing\closure-additions\src\minecraft\net\minecraft\block\Block.light-registration-sections.txt	src\minecraft\net\minecraft\block\BlockMagma.java	24-30	Copied existing captioned section: Caption: Magma emitted light. Input: Rock material Output: Emitted block light level 3 Consumers: World.getRawLight and combined-light rendering	E2B284431F6118C24F9AA8E87D916A6458F2DAD0DB917D3B2E39E50773560B6F	-
section-extract	sections\existing\closure-additions\src\minecraft\net\minecraft\block\Block.light-registration-sections.txt	src\minecraft\net\minecraft\block\BlockRedstoneLight.java	16-25	Copied existing captioned section: Caption: Lit redstone light. Input: isOn state Output: Lit variant emits block light level 15 Consumers: World.getRawLight and combined-light rendering	E2B284431F6118C24F9AA8E87D916A6458F2DAD0DB917D3B2E39E50773560B6F	-
section-extract	sections\existing\closure-additions\src\minecraft\net\minecraft\block\Block.light-registration-sections.txt	src\minecraft\net\minecraft\block\BlockSlab.java	26-36	Copied existing captioned section: Caption: Slab opacity. Input: Slab material/map color and double-slab state Output: Slab lightOpacity = 255 Consumers: Chunk skylight propagation	E2B284431F6118C24F9AA8E87D916A6458F2DAD0DB917D3B2E39E50773560B6F	-
section-extract	sections\existing\closure-additions\src\minecraft\net\minecraft\block\Block.light-registration-sections.txt	src\minecraft\net\minecraft\block\BlockStairs.java	149-160	Copied existing captioned section: Caption: Stairs opacity. Input: Model block and model state Output: Stairs lightOpacity = 255 Consumers: Chunk skylight propagation	E2B284431F6118C24F9AA8E87D916A6458F2DAD0DB917D3B2E39E50773560B6F	-
section-extract	sections\existing\closure-additions\src\minecraft\net\minecraft\world\World.light-update-sections.txt	src\minecraft\net\minecraft\world\World.java	369-420	Copied existing captioned section: Caption: Block replacement relight trigger. Input: Old/new block states and update flags Output: Calls checkLight when opacity or emitted-light values change, then notifies render/network listeners Consumers: Chunk light maps, RenderChunk rebuilds, client/server block updates	E790F8ACCF30CBC9B415A8C059F3DE7D8AD82C847F025735A8ADDA2930EDEC7C	-
section-extract	sections\existing\closure-additions\src\minecraft\net\minecraft\world\World.light-update-sections.txt	src\minecraft\net\minecraft\world\World.java	482-500	Copied existing captioned section: Caption: Vertical skylight dirty-range trigger. Input: A vertical x/z range and provider sky-light capability Output: Rechecks SKY light along the range and marks the block range for rendering Consumers: Chunk skylight map and client chunk rebuild	E790F8ACCF30CBC9B415A8C059F3DE7D8AD82C847F025735A8ADDA2930EDEC7C	-
section-extract	sections\existing\closure-additions\src\minecraft\net\minecraft\world\World.light-update-sections.txt	src\minecraft\net\minecraft\world\World.java	2680-2683	Copied existing captioned section: Caption: Mood/light relight queue hook. Input: Chunk coordinates and loaded chunk Output: Enqueues chunk relight checks Consumers: WorldServer and chunk light maintenance	E790F8ACCF30CBC9B415A8C059F3DE7D8AD82C847F025735A8ADDA2930EDEC7C	-
section-extract	sections\existing\closure-additions\src\minecraft\net\minecraft\world\World.light-update-sections.txt	src\minecraft\net\minecraft\world\WorldServer.java	179-215	Copied existing captioned section: Caption: Server skylight tick update. Input: World time, provider, and current skylight subtraction Output: Recomputes and publishes skylight subtraction once per server tick Consumers: World.getLightSubtracted, EntityRenderer lightmap, sky brightness	E790F8ACCF30CBC9B415A8C059F3DE7D8AD82C847F025735A8ADDA2930EDEC7C	-
section-extract	sections\existing\closure-additions\src\minecraft\net\minecraft\client\renderer\runtime-initialization-sections.txt	src\minecraft\net\minecraft\client\renderer\RenderGlobal.java	225-257	Copied existing captioned section: Caption: RenderGlobal sky/cloud state initialization. Input: Minecraft client, texture/render managers, VBO capability Output: CloudRenderer, sky/star geometry, VBO/display-list state, and vertex format initialized Consumers: RenderGlobal.renderSky and renderClouds	A035E28AF3099863249DC662C7FB5B5B8E2BA701BCA174E06DDCBD86D85FCFD2	-
section-extract	sections\existing\closure-additions\src\minecraft\net\minecraft\client\renderer\runtime-initialization-sections.txt	src\minecraft\net\minecraft\client\renderer\EntityRenderer.java	165-205	Copied existing captioned section: Caption: EntityRenderer lightmap/weather state fields. Input: Renderer lifecycle and OpenGL buffer allocation Output: Lightmap texture/data, torch flicker, rain coordinate arrays, fog buffer Consumers: updateLightmap, renderRainSnow, setupFog	A035E28AF3099863249DC662C7FB5B5B8E2BA701BCA174E06DDCBD86D85FCFD2	-
section-extract	sections\existing\closure-additions\src\minecraft\net\minecraft\client\renderer\runtime-initialization-sections.txt	src\minecraft\net\minecraft\client\renderer\EntityRenderer.java	231-254	Copied existing captioned section: Caption: EntityRenderer lightmap/weather constructor. Input: Minecraft client and resource manager Output: Dynamic 16x16 lightmap, texture location, lightmap array, rain direction tables Consumers: renderWorld and updateLightmap	A035E28AF3099863249DC662C7FB5B5B8E2BA701BCA174E06DDCBD86D85FCFD2	-
section-extract	sections\existing\closure-additions\src\minecraft\net\minecraft\client\renderer\runtime-initialization-sections.txt	src\minecraft\net\minecraft\client\renderer\chunk\RenderChunk.java	170-183	Copied existing captioned section: Caption: RenderChunk OptiFine light-cache entry. Input: Loaded world and render-chunk bounds Output: Creates a ChunkCacheOF used during block mesh rebuild Consumers: Block renderer and DynamicLights	A035E28AF3099863249DC662C7FB5B5B8E2BA701BCA174E06DDCBD86D85FCFD2	-
section-extract	sections\existing\closure-additions\src\minecraft\net\minecraft\client\renderer\runtime-initialization-sections.txt	src\minecraft\net\minecraft\client\renderer\chunk\RenderChunk.java	598-609	Copied existing captioned section: Caption: RenderChunk cache construction. Input: World region bounds Output: ChunkCache wrapped by ChunkCacheOF Consumers: RenderChunk.rebuildChunk	A035E28AF3099863249DC662C7FB5B5B8E2BA701BCA174E06DDCBD86D85FCFD2	-
section-extract	sections\existing\closure-additions\src\minecraft\net\minecraft\world\provider-lifecycle-sections.txt	src\minecraft\net\minecraft\world\WorldProvider.java	84-115	Copied existing captioned section: Caption: Base provider initialization. Input: WorldInfo terrain type and generator options Output: Biome provider and default chunk generator selected Consumers: WorldProvider.setWorld and world construction	075E302CAC1012735A12F01C5293B69D2F7F334A656052363E57C4571C0FC608	-
section-extract	sections\existing\closure-additions\src\minecraft\net\minecraft\world\provider-lifecycle-sections.txt	src\minecraft\net\minecraft\world\WorldProviderHell.java	18-23	Copied existing captioned section: Caption: Nether provider initialization. Input: Nether world Output: HELL biome provider, vaporization, and Nether flag Consumers: WorldProviderHell sky/fog/light behavior	075E302CAC1012735A12F01C5293B69D2F7F334A656052363E57C4571C0FC608	-
section-extract	sections\existing\closure-additions\src\minecraft\net\minecraft\world\provider-lifecycle-sections.txt	src\minecraft\net\minecraft\world\WorldProviderEnd.java	24-34	Copied existing captioned section: Caption: End provider initialization and generator. Input: End world, dimension data, seed, spawn coordinate Output: SKY biome provider, dragon-fight state, and End generator Consumers: DimensionType and RenderGlobal End sky path	075E302CAC1012735A12F01C5293B69D2F7F334A656052363E57C4571C0FC608	-
whole-file	full-files\host\src\minecraft\net\minecraft\util\math\Vec3i.java	src\minecraft\net\minecraft\util\math\Vec3i.java	entire file	Integer 3-D coordinate base used by BlockPos and render/light positions.	832EB7174ACFC121EEF5E8BEE7DBF56F742BA89C0111DAEAA7D24B70F3EDFD77	-
whole-file	full-files\host\src\minecraft\net\minecraft\util\math\BlockPos.java	src\minecraft\net\minecraft\util\math\BlockPos.java	entire file	Immutable/mutable block coordinates passed through World, Chunk, Block and render caches.	E79A273DF7AE8CB3F53F2C734FF123E5D6DAC088FDFBB860CDE877CA0357A5E4	-
whole-file	full-files\host\src\minecraft\net\minecraft\util\math\Vec3d.java	src\minecraft\net\minecraft\util\math\Vec3d.java	entire file	Floating camera/entity vectors used by sky/fog and entity-light positions.	66C3239DA5DC88FEDFED7727F06EA5BEA25BE0F33CDA74A5B474F4785BC6D2F7	-
whole-file	full-files\host\src\minecraft\net\minecraft\util\math\MathHelper.java	src\minecraft\net\minecraft\util\math\MathHelper.java	entire file	Floor/clamp/trigonometric helpers used by host light and sky calculations.	04A16E10C25250EC9A162928361FB811ABFEE5228AD83589B4DDE6DC5DED9C69	-
whole-file	full-files\host\src\minecraft\net\minecraft\util\math\AxisAlignedBB.java	src\minecraft\net\minecraft\util\math\AxisAlignedBB.java	entire file	Entity/render bounds contract.	6142916A66EABBEB8D82BBCB7A630A54B7C2458753B0BE5E377CF6B0C781081C	-
whole-file	full-files\host\src\minecraft\net\minecraft\util\math\ChunkPos.java	src\minecraft\net\minecraft\util\math\ChunkPos.java	entire file	Chunk coordinate value used by host cache and render paths.	ED737D2302CE665825FCDBA282B6CC28427F45FFF4AE7101BE5BCCEA57F61E98	-
whole-file	full-files\host\src\minecraft\net\minecraft\util\EnumFacing.java	src\minecraft\net\minecraft\util\EnumFacing.java	entire file	Neighbor directions used by light propagation and render-cache invalidation.	AC982A8D7B9A2C7581FBE9418FA080F9629398BFEE95F836F65371528630605E	-
whole-file	full-files\host\src\minecraft\net\minecraft\util\ResourceLocation.java	src\minecraft\net\minecraft\util\ResourceLocation.java	entire file	Namespaced texture/resource key passed to TextureManager and resource packs.	F9288F7A2562B19CC02FE1E18F2788AE813A535EC852DE04CF3F145C507F81D6	-
whole-file	full-files\host\src\minecraft\net\minecraft\util\ITickable.java	src\minecraft\net\minecraft\util\ITickable.java	entire file	Tick callback implemented by texture/resource managers.	1F7C645BC5AE813543027B4EAB42D260ECB16031863FED73D4086D4FA47023F5	-
whole-file	full-files\host\src\minecraft\net\minecraft\util\IntegerCache.java	src\minecraft\net\minecraft\util\IntegerCache.java	entire file	Entity-id key helper used by DynamicLights.	F247DBA57338F6FCA2BEC3EF66B7BAE00DB0C2FFEAC7C5C00B1A1F064E0EF67B	-
whole-file	full-files\host\src\minecraft\net\minecraft\block\material\Material.java	src\minecraft\net\minecraft\block\material\Material.java	entire file	Block material light/opacity behavior.	9C8B820994A14701C172C01923FF9E7C648A26499B59D5E7F72ACE8BE91F86A2	-
whole-file	full-files\host\src\minecraft\net\minecraft\block\material\MapColor.java	src\minecraft\net\minecraft\block\material\MapColor.java	entire file	Block-state color value used by block-state contracts.	048880D86F37468571DF9074BA0E88A19E3DD75E7128CC8CA4B3C24920032A11	-
whole-file	full-files\host\src\minecraft\net\minecraft\block\properties\IProperty.java	src\minecraft\net\minecraft\block\properties\IProperty.java	entire file	Block-state property interface.	7A8F7DF592D591D255BE85C346B4C6214636F0193EFC036D3BD3C2043825C7D6	-
whole-file	full-files\host\src\minecraft\net\minecraft\block\properties\PropertyHelper.java	src\minecraft\net\minecraft\block\properties\PropertyHelper.java	entire file	Base property implementation used when constructing block states.	16B48DA59F386C77207643767300334356AA9876F225BA375DB953574F5BEC16	-
whole-file	full-files\host\src\minecraft\net\minecraft\block\properties\PropertyBool.java	src\minecraft\net\minecraft\block\properties\PropertyBool.java	entire file	Boolean block-state property used by registered light blocks.	BFB35C19655C75CE2B7CBD61A977BC972CD1AFABDF326033BFB0ADD1B17F8C76	-
whole-file	full-files\host\src\minecraft\net\minecraft\block\properties\PropertyDirection.java	src\minecraft\net\minecraft\block\properties\PropertyDirection.java	entire file	Facing block-state property used by registered light blocks.	EC56CB387FE66C5ACD3D11398407DC059884E8330229BCC1C5F28D8637E1B10E	-
whole-file	full-files\host\src\minecraft\net\minecraft\block\properties\PropertyEnum.java	src\minecraft\net\minecraft\block\properties\PropertyEnum.java	entire file	Enum block-state property used by registered light blocks.	F59FD12A21AB7D0EC413E22A691FFFA404AD0FC02A0E13CDCB5BB23F2F65BEFD	-
whole-file	full-files\host\src\minecraft\net\minecraft\block\properties\PropertyInteger.java	src\minecraft\net\minecraft\block\properties\PropertyInteger.java	entire file	Integer block-state property used by registered light blocks.	D509A2CF5C49BCBF52408573CD3722C674BE45CC278B247A2802CE891F14DF07	-
whole-file	full-files\host\src\minecraft\net\minecraft\block\state\IBlockState.java	src\minecraft\net\minecraft\block\state\IBlockState.java	entire file	Exact state interface queried for material, opacity, emitted light and block identity.	606108CF192B5DFD8F1C8887BD25C3D2535A0A5821382B939D479E701985AB95	-
whole-file	full-files\host\src\minecraft\net\minecraft\block\state\IBlockBehaviors.java	src\minecraft\net\minecraft\block\state\IBlockBehaviors.java	entire file	Block-state behavior callbacks used by World update hooks.	2E54048D00D81B4B8B5149703B2BA0804BC420AD112ADC57EDA72374FC7AF173	-
whole-file	full-files\host\src\minecraft\net\minecraft\block\state\IBlockProperties.java	src\minecraft\net\minecraft\block\state\IBlockProperties.java	entire file	Block-state light/render property API.	E98C04548517C846B51F2197DE83720ED9EEA537FC0837553BA81BD86BDCAD41	-
whole-file	full-files\host\src\minecraft\net\minecraft\block\state\BlockStateBase.java	src\minecraft\net\minecraft\block\state\BlockStateBase.java	entire file	Base state implementation backing IBlockState light/property queries.	C323C0118539E57A05609C83484A01E4D864124FC5C63D8082BE94D68D83752F	-
whole-file	full-files\host\src\minecraft\net\minecraft\block\state\BlockStateContainer.java	src\minecraft\net\minecraft\block\state\BlockStateContainer.java	entire file	State container used by Block construction and registered light states.	9A9DEC11B4C74A8AA8A0CAFBE2ACFEFAAE102AB3A2DB4FF23C3DC8EC777BE79A	-
whole-file	full-files\host\src\minecraft\net\minecraft\block\state\BlockFaceShape.java	src\minecraft\net\minecraft\block\state\BlockFaceShape.java	entire file	Block face shape enum consumed by renderer state queries.	BC70A76616C99D111D752EDBE1DEA9E2ECADA7FE13AEEE176D9FA328549C938B	-
whole-file	full-files\host\src\minecraft\net\minecraft\block\material\EnumPushReaction.java	src\minecraft\net\minecraft\block\material\EnumPushReaction.java	entire file	Block-state mobility enum referenced by IBlockProperties.	3409ED78B5D2139C58F79DF6994A7D3F7A5B8004645C6EB9E2976AD8A601F7C0	-
whole-file	full-files\host\src\minecraft\net\minecraft\block\SoundType.java	src\minecraft\net\minecraft\block\SoundType.java	entire file	Block sound value carried by the Block host contract.	407989A293C20EE556072C3FF73CD4D9EAF69943F469A814902EEDF507C9218E	-
whole-file	full-files\host\src\minecraft\net\minecraft\world\EnumSkyBlock.java	src\minecraft\net\minecraft\world\EnumSkyBlock.java	entire file	SKY and BLOCK light channel identifiers and default levels.	EA93FE0F6A7C489E36B66F1F94901853B6F30D85A600081329192EDE0BBA98D2	-
whole-file	full-files\host\src\minecraft\net\minecraft\world\IBlockAccess.java	src\minecraft\net\minecraft\world\IBlockAccess.java	entire file	Read-only world/block-state access contract used by renderer and block states.	964F2F8346650DB8AE2F6F6C7E9694CC3EA60E4C909EF3E86325AC422D0D4FDC	-
whole-file	full-files\host\src\minecraft\net\minecraft\world\DimensionType.java	src\minecraft\net\minecraft\world\DimensionType.java	entire file	Dimension id/provider factory contract for sky/fog behavior.	2853503FC17606FEB0486374C77EAE092B7FC00149A25B90220DB23920F08B10	-
whole-file	full-files\host\src\minecraft\net\minecraft\world\WorldType.java	src\minecraft\net\minecraft\world\WorldType.java	entire file	World terrain/debug type read by Chunk and WorldProvider.	3389E53F2093AA8F6706970915F9020DECEA1D29568D27E9716F79EDC744DD5C	-
whole-file	full-files\host\src\minecraft\net\minecraft\world\GameRules.java	src\minecraft\net\minecraft\world\GameRules.java	entire file	World rule container exposed by World and used by update paths.	6035D491358C4663E19714252667618C5738C6E7191E55D3C6554EE1393A5BBB	-
whole-file	full-files\host\src\minecraft\net\minecraft\world\chunk\IChunkProvider.java	src\minecraft\net\minecraft\world\chunk\IChunkProvider.java	entire file	World-to-chunk provider interface.	EFC79EBBC855A85AE4726C56B445E283FD5097CF6026DFC113BC04DE45B17DBF	-
whole-file	full-files\host\src\minecraft\net\minecraft\world\biome\BiomeProvider.java	src\minecraft\net\minecraft\world\biome\BiomeProvider.java	entire file	Biome lookup provider used by World and dimension sky color.	2B079F0BB29FC17887528BE2502C4357622945C095725935E1C2E4AE89A25C3E	-
whole-file	full-files\host\src\minecraft\net\minecraft\world\biome\BiomeProviderSingle.java	src\minecraft\net\minecraft\world\biome\BiomeProviderSingle.java	entire file	Single-biome provider used by Nether/End provider setup.	5FD857A43467375D1D91B7DD2C5D5BC3DD790F0CBA5408F0950DC3A05087FDFD	-
whole-file	full-files\host\src\minecraft\net\minecraft\world\border\WorldBorder.java	src\minecraft\net\minecraft\world\border\WorldBorder.java	entire file	World boundary contract carried by World and render/camera queries.	697AAB929A7707F349EDFFFE316CFB7FC919B2F6D0A46858CAAB7A43BAFEB290	-
whole-file	full-files\host\src\minecraft\net\minecraft\world\WorldProvider.java	src\minecraft\net\minecraft\world\WorldProvider.java	entire file	Base dimension sky, time, fog and light-brightness provider.	D9AEC7A7B84B89B4A2AD5D9972D5697396FB03425764A9F556A290DC229152A5	-
whole-file	full-files\host\src\minecraft\net\minecraft\world\WorldProviderHell.java	src\minecraft\net\minecraft\world\WorldProviderHell.java	entire file	Nether provider overrides sky/light/fog behavior.	63BF9CEDC6CA61569753B35ADFE8F98D9E4800415C4A9A9D8C3E81C4DAB0BD4E	-
whole-file	full-files\host\src\minecraft\net\minecraft\world\WorldProviderEnd.java	src\minecraft\net\minecraft\world\WorldProviderEnd.java	entire file	End provider sky/dimension behavior.	C80432B4BC94C1636E1E22FFE46F582CFE5BB1905BE8374F1BECB8A4D7D2A697	-
whole-file	full-files\host\src\minecraft\net\minecraft\world\WorldProviderSurface.java	src\minecraft\net\minecraft\world\WorldProviderSurface.java	entire file	Overworld provider sky/time behavior.	166FDDF71A04910B48078F91B6479F6759F897FC6C236908A09C3E431E333302	-
whole-file	full-files\host\src\minecraft\net\minecraft\world\storage\WorldInfo.java	src\minecraft\net\minecraft\world\storage\WorldInfo.java	entire file	World time, weather, seed and gamerule state backing World accessors.	3371665D46D474CF3E024617C2B5B7543228E27A982A10933E903B99391F174B	-
whole-file	full-files\host\src\minecraft\net\minecraft\world\ChunkCache.java	src\minecraft\net\minecraft\world\ChunkCache.java	entire file	Read-only world-region cache used during render-chunk rebuilds.	6EE4CC597DF78A9131705E5630F299ACB115874088604C88C5ADACD4AB9C3DCF	-
whole-file	full-files\host\src\minecraft\net\minecraft\src\ChunkCacheOF.java	src\minecraft\net\minecraft\src\ChunkCacheOF.java	entire file	OptiFine cache wrapper used by the host render rebuild path.	AC5B32DBEDBE657B1DF7EA5C3E9E8BBD6AB70E04140CAC3F93601E8178408369	-
whole-file	full-files\host\src\minecraft\net\minecraft\client\multiplayer\WorldClient.java	src\minecraft\net\minecraft\client\multiplayer\WorldClient.java	entire file	Client-world host wrapper consumed by RenderGlobal and EntityRenderer.	B61925A7D91AE0CA2A97ADDA9E3E7379DEE21E37ADD9A473F39958DA76B41241	-
whole-file	full-files\host\src\minecraft\net\minecraft\world\chunk\EmptyChunk.java	src\minecraft\net\minecraft\world\chunk\EmptyChunk.java	entire file	Safe empty-chunk fallback for unloaded light/block queries.	FE85C610E94A131905DC913D9200035CC061E1D2F808FDBA1526B4C1D71F1194	-
whole-file	full-files\host\src\minecraft\net\minecraft\world\chunk\NibbleArray.java	src\minecraft\net\minecraft\world\chunk\NibbleArray.java	entire file	Packed 4-bit storage backing SKY/BLOCK light channels.	D96475BBCE1BD71E94C90C935133B83A56A6ED9142F6776DCB272C83D4731842	-
whole-file	full-files\host\src\minecraft\net\minecraft\world\chunk\storage\ExtendedBlockStorage.java	src\minecraft\net\minecraft\world\chunk\storage\ExtendedBlockStorage.java	entire file	16x16x16 block-state and light storage section.	69805C492DF0FF46550C924B0904E1D64041AB7D46E6DECDEBAAE1EB7CD3AE3B	-
whole-file	full-files\host\src\minecraft\net\minecraft\world\biome\BiomeEnd.java	src\minecraft\net\minecraft\world\biome\BiomeEnd.java	entire file	End biome color/provider behavior used by sky color selection.	61E478CA537695F2B14B4F2F9AF8101E5840DD62F2BAE41B7B84953D1E4AC1B8	-
whole-file	full-files\host\src\minecraft\net\minecraft\util\IntHashMap.java	src\minecraft\net\minecraft\util\IntHashMap.java	entire file	World entity-id lookup backing map.	AC2B848C75C51908596EB111044DD54DD7B1079471B566227D5220752C030FEF	-
whole-file	full-files\host\src\minecraft\net\minecraft\util\ClassInheritanceMultiMap.java	src\minecraft\net\minecraft\util\ClassInheritanceMultiMap.java	entire file	Chunk entity-list storage backing map.	0A49FFD06E880FDE552F2AF2B85B8627C40B1CA0D0AA5D59333AB83C344A9632	-
whole-file	full-files\host\src\minecraft\net\minecraft\client\renderer\GLAllocation.java	src\minecraft\net\minecraft\client\renderer\GLAllocation.java	entire file	OpenGL display-list/buffer allocation wrapper.	130C77D82EA9F6B63E54377896239BCDEF829711A306C7B84D3BD8AFEBDD3259	-
whole-file	full-files\host\src\minecraft\net\minecraft\client\renderer\GlStateManager.java	src\minecraft\net\minecraft\client\renderer\GlStateManager.java	entire file	OpenGL fixed-function state wrapper used by sky, clouds, fog and lightmap rendering.	0D0D38C5F8359134FD4E38954065BFE5264AD3D31AB1459C44D79CFEB2609394	-
whole-file	full-files\host\src\minecraft\net\minecraft\client\renderer\OpenGlHelper.java	src\minecraft\net\minecraft\client\renderer\OpenGlHelper.java	entire file	OpenGL capability, texture, framebuffer and shader bridge.	6C4297CE6011E9DA08E2C72D38AF9B6D585D7632C523E50F6B2FEF91AE037F23	-
whole-file	full-files\host\src\minecraft\net\minecraft\client\renderer\Tessellator.java	src\minecraft\net\minecraft\client\renderer\Tessellator.java	entire file	Vertex submission singleton used by sky/cloud/weather geometry.	F081C45C1E8F49D4232E40D5DE146B81CE27CBDF6833A39FA77E9D6B6E7A0AD8	-
whole-file	full-files\host\src\minecraft\net\minecraft\client\renderer\BufferBuilder.java	src\minecraft\net\minecraft\client\renderer\BufferBuilder.java	entire file	CPU-side vertex buffer writer used by sky/cloud/weather geometry.	799C2819B781E0D96F454E5E9E5DA38C657FF188BCA1D4F7238B7CF181343310	-
whole-file	full-files\host\src\minecraft\net\minecraft\client\renderer\vertex\VertexBuffer.java	src\minecraft\net\minecraft\client\renderer\vertex\VertexBuffer.java	entire file	GPU vertex-buffer wrapper used by render chunks and sky geometry.	5C2A635027A45007D0640FCCCE63E2AA44CBAD7A89F22FC301DD7EC93D7A42F6	-
whole-file	full-files\host\src\minecraft\net\minecraft\client\renderer\vertex\DefaultVertexFormats.java	src\minecraft\net\minecraft\client\renderer\vertex\DefaultVertexFormats.java	entire file	Canonical position/texture/color vertex formats.	8DAE26A971148BC9C955512FC0610D0DA83ED8DA53F8292591B7FEC44F990A3A	-
whole-file	full-files\host\src\minecraft\net\minecraft\client\renderer\vertex\VertexFormat.java	src\minecraft\net\minecraft\client\renderer\vertex\VertexFormat.java	entire file	Vertex attribute layout contract.	4C56A8676200CFE26DACDAB4A8000F9CFA9B9982EE516DED3019E33EB64652C1	-
whole-file	full-files\host\src\minecraft\net\minecraft\client\renderer\vertex\VertexFormatElement.java	src\minecraft\net\minecraft\client\renderer\vertex\VertexFormatElement.java	entire file	Single vertex attribute element contract.	8EA4348D85ADE46D231656906CD02555E98B1E03932FD45F578ECD344D4AE474	-
whole-file	full-files\host\src\minecraft\net\minecraft\client\shader\Framebuffer.java	src\minecraft\net\minecraft\client\shader\Framebuffer.java	entire file	Framebuffer allocation/bind/clear host bridge used by shader sky/light passes.	5FEECAADF5A2BBB1F59085C29F12FF5DCE2F8E5431B9FFB4D237529901BF3344	-
whole-file	full-files\host\src\minecraft\net\minecraft\client\shader\Shader.java	src\minecraft\net\minecraft\client\shader\Shader.java	entire file	Shader stage host object and uniform binding contract.	1F6A96000688A660230DDA0D3E037139826AEB4AB1E32435027F8CEB64FC6F0B	-
whole-file	full-files\host\src\minecraft\net\minecraft\client\shader\ShaderDefault.java	src\minecraft\net\minecraft\client\shader\ShaderDefault.java	entire file	Default shader uniform implementation.	E6112AABCEEB847C456B3661626A866B3EDDD9DF6EC9FADDD228799AF1233010	-
whole-file	full-files\host\src\minecraft\net\minecraft\client\shader\ShaderGroup.java	src\minecraft\net\minecraft\client\shader\ShaderGroup.java	entire file	Shader-pass group orchestration and framebuffer chain.	ADF5042121CE03B5E2D15D98C329B09676BCACE3492C5ACAA970C5225BE01805	-
whole-file	full-files\host\src\minecraft\net\minecraft\client\shader\ShaderLinkHelper.java	src\minecraft\net\minecraft\client\shader\ShaderLinkHelper.java	entire file	Shader program/link lifecycle helper.	169C7A23C66DF0CA4D74E8A8CB5C5F44AC7299CFF0B983862415DC2EDA597503	-
whole-file	full-files\host\src\minecraft\net\minecraft\client\shader\ShaderLoader.java	src\minecraft\net\minecraft\client\shader\ShaderLoader.java	entire file	Resource-backed shader source loader.	8749760C996E99622B359370D2BAF32962289637D3FBF488AE489EF0C26F0970	-
whole-file	full-files\host\src\minecraft\net\minecraft\client\shader\ShaderManager.java	src\minecraft\net\minecraft\client\shader\ShaderManager.java	entire file	Shader program/uniform manager.	40ADCD7E1800A96CC4BCF11C3CF6214A28CA1A4423DA236DD648F2E5245F5485	-
whole-file	full-files\host\src\minecraft\net\minecraft\client\shader\ShaderUniform.java	src\minecraft\net\minecraft\client\shader\ShaderUniform.java	entire file	Uniform value update contract for shader light/sky data.	A4CE04453578E2F48B41EE706A4EA5F84416C5F71910762AC833DE9D7FDF8A7A	-
whole-file	full-files\host\src\minecraft\net\minecraft\client\renderer\texture\ITextureObject.java	src\minecraft\net\minecraft\client\renderer\texture\ITextureObject.java	entire file	Texture object load/bind/delete interface.	F00C0DC85685736F83EDC26E08B1536ED8089F06147E6CE309FA27CECB26143E	-
whole-file	full-files\host\src\minecraft\net\minecraft\client\renderer\texture\ITickableTextureObject.java	src\minecraft\net\minecraft\client\renderer\texture\ITickableTextureObject.java	entire file	Tickable texture callback interface.	17E92873D8066344A68B44D03CDF5A9ACCD9263CCCCEAA61E176792362FC1339	-
whole-file	full-files\host\src\minecraft\net\minecraft\client\renderer\texture\AbstractTexture.java	src\minecraft\net\minecraft\client\renderer\texture\AbstractTexture.java	entire file	Base GL texture-id ownership and deletion.	6BE51902204C7EDC1316399BBAD752EC374731246BA5B61DA8010BDCF3FC3DC5	-
whole-file	full-files\host\src\minecraft\net\minecraft\client\renderer\texture\DynamicTexture.java	src\minecraft\net\minecraft\client\renderer\texture\DynamicTexture.java	entire file	CPU pixel array to GL texture bridge used by the lightmap.	E1E9512CCDE2967C6552D9E981782813915C966F8882A82E7E3E2F39B55C2EA5	-
whole-file	full-files\host\src\minecraft\net\minecraft\client\renderer\texture\SimpleTexture.java	src\minecraft\net\minecraft\client\renderer\texture\SimpleTexture.java	entire file	Resource-backed texture loader used by custom sky layers.	13878189C8CF9126A6B0291DE2223E01F07157A7BC695AB56E59B819487BFBE8	-
whole-file	full-files\host\src\minecraft\net\minecraft\client\renderer\texture\TextureManager.java	src\minecraft\net\minecraft\client\renderer\texture\TextureManager.java	entire file	ResourceLocation to texture-object registry and reload/tick manager.	240698AD895CB7A272E4E40251B18AA883078AD07092054C63C07596DA657063	-
whole-file	full-files\host\src\minecraft\net\minecraft\client\renderer\texture\TextureUtil.java	src\minecraft\net\minecraft\client\renderer\texture\TextureUtil.java	entire file	Image upload, mipmap and texture-id utility layer.	65CCF8A093E1C9FC734BF6514EE37194E37E5867AEA88DDD91C72C16ED62B7D3	-
whole-file	full-files\host\src\minecraft\net\minecraft\client\renderer\texture\TextureMap.java	src\minecraft\net\minecraft\client\renderer\texture\TextureMap.java	entire file	Block texture atlas manager referenced by OptiFine texture helpers.	5A6A1C9F2AA435605FBC113EA83744AC395380D9D59F6DEA1494876AF27D6840	-
whole-file	full-files\host\src\minecraft\net\minecraft\client\renderer\texture\TextureAtlasSprite.java	src\minecraft\net\minecraft\client\renderer\texture\TextureAtlasSprite.java	entire file	Atlas sprite data used by texture helper paths.	69F0F6B347CE36354E406E2204DF94F093063872D60D3F6A4D085CDF0D070BA8	-
whole-file	full-files\host\src\minecraft\net\minecraft\client\renderer\texture\Stitcher.java	src\minecraft\net\minecraft\client\renderer\texture\Stitcher.java	entire file	Texture-atlas packing helper used by TextureMap.	3E4DA0139B58A5AD70C1224D2526495E3108D91C7F91439970D7DA3136A82BBE	-
whole-file	full-files\host\src\minecraft\net\minecraft\client\resources\IResourceManager.java	src\minecraft\net\minecraft\client\resources\IResourceManager.java	entire file	Resource lookup interface used by textures and custom sky.	C0661F4B73741487E80286655D5C79D79191021E53C7D5019BE62056C4904F0C	-
whole-file	full-files\host\src\minecraft\net\minecraft\client\resources\IResource.java	src\minecraft\net\minecraft\client\resources\IResource.java	entire file	Resource stream/metadata contract.	87DD6ED59C75606C864BB56F3EF67B2FA4C40050DE1FBDF8092CD5ED5FB0B965	-
whole-file	full-files\host\src\minecraft\net\minecraft\client\resources\IResourceManagerReloadListener.java	src\minecraft\net\minecraft\client\resources\IResourceManagerReloadListener.java	entire file	Resource reload callback contract.	52E7FE6CDD521C4C091A19DAA85BD4EDE31EBB3117A9E17B2B43E4813A71A5CD	-
whole-file	full-files\host\src\minecraft\net\minecraft\client\resources\IReloadableResourceManager.java	src\minecraft\net\minecraft\client\resources\IReloadableResourceManager.java	entire file	Reloadable resource-manager extension.	9B4B03BBA70F9E38AF0359A630F9BA16A555AAB6150B66C7C25E2C39B2B4FF53	-
whole-file	full-files\host\src\minecraft\net\minecraft\client\resources\IResourcePack.java	src\minecraft\net\minecraft\client\resources\IResourcePack.java	entire file	Resource-pack stream/exists contract.	09C916258FC91D950D497868A9067D6135CC3C4BCCF80F66DDEEDCCBBC1B28DC	-
whole-file	full-files\host\src\minecraft\net\minecraft\client\resources\AbstractResourcePack.java	src\minecraft\net\minecraft\client\resources\AbstractResourcePack.java	entire file	Base resource-pack implementation used by ResUtils.	2B5FD1E011FC2819944EEF9A63969D7D847146D9DB340CBE1D715753FB3E82FE	-
whole-file	full-files\host\src\minecraft\net\minecraft\client\resources\DefaultResourcePack.java	src\minecraft\net\minecraft\client\resources\DefaultResourcePack.java	entire file	Built-in resource pack used for vanilla sky/weather textures.	21FF2CD17637279B5B3F614D195C7749EFDDA1DF4AE738CEC60CC70FF587486C	-
whole-file	full-files\host\src\minecraft\net\minecraft\client\resources\LegacyV2Adapter.java	src\minecraft\net\minecraft\client\resources\LegacyV2Adapter.java	entire file	Legacy resource-pack adapter used by OptiFine resource enumeration.	52A84DF175F8FE807EA8C301ACA6B7BAE67CF526BF4FDFFEFF38FF25CF4E9F85	-
whole-file	full-files\host\src\minecraft\net\minecraft\client\resources\SimpleReloadableResourceManager.java	src\minecraft\net\minecraft\client\resources\SimpleReloadableResourceManager.java	entire file	Reloadable resource manager implementation.	17335277504B2CA64396781974E76FC02FBECB3FA791527F7B6F286AB3C6CC86	-
whole-file	full-files\host\src\minecraft\net\minecraft\client\resources\FallbackResourceManager.java	src\minecraft\net\minecraft\client\resources\FallbackResourceManager.java	entire file	Namespace fallback resource lookup implementation.	2C5C726D92673FEC6517CCD2F298961F4B83E62C506121D353888BF3504BA7A7	-
whole-file	full-files\host\src\minecraft\net\minecraft\client\resources\ResourcePackRepository.java	src\minecraft\net\minecraft\client\resources\ResourcePackRepository.java	entire file	Active/default/server resource-pack registry queried by Config and ResUtils.	C5728B57971F2B9F993063A5F7F4514635F4C6B116C2592CA427D299B95051B5	-
whole-file	full-files\host\src\minecraft\net\minecraft\inventory\EntityEquipmentSlot.java	src\minecraft\net\minecraft\inventory\EntityEquipmentSlot.java	entire file	Held/offhand/head equipment selectors used by dynamic lights.	98EDF15ACC6C31804B2F9FBB688D9AAA8CF9ED0C8521D4DE8A6C5C2051FEEB90	-
whole-file	full-files\host\src\minecraft\net\minecraft\network\datasync\DataParameter.java	src\minecraft\net\minecraft\network\datasync\DataParameter.java	entire file	Entity data key contract.	A6619F0109EB8D99D279A49121DD7C1D2EE688E68845B19A9039375F2104CDB0	-
whole-file	full-files\host\src\minecraft\net\minecraft\network\datasync\DataSerializer.java	src\minecraft\net\minecraft\network\datasync\DataSerializer.java	entire file	Entity data serialization interface.	E3F0F0D0EE394A805ACFEC2E6645CBEF38BEBBD513A44FDE2C7BD2EA967C38E1	-
whole-file	full-files\host\src\minecraft\net\minecraft\network\datasync\DataSerializers.java	src\minecraft\net\minecraft\network\datasync\DataSerializers.java	entire file	Built-in item-stack/primitive entity data serializers.	4140996AD3BAF63AB3F51C4ACE27819BCA993D99A38951A3F22DE79FF0760C0F	-
whole-file	full-files\host\src\minecraft\net\minecraft\network\datasync\EntityDataManager.java	src\minecraft\net\minecraft\network\datasync\EntityDataManager.java	entire file	Entity synchronized-data registry used by dynamic-light entity subclasses.	4F5F7558ED572283396F7C809A344AA89417877EB480D23CD202722D6ACAA3E2	-
whole-file	full-files\host\src\minecraft\net\minecraft\item\ItemBlock.java	src\minecraft\net\minecraft\item\ItemBlock.java	entire file	Item-to-block light-value bridge.	2D3C859A60EC3C30EC6484B16976AAE23BD4EEFB3A6C6A212ADDAFDC6299E888	-
whole-file	full-files\host\src\minecraft\net\minecraft\item\Item.java	src\minecraft\net\minecraft\item\Item.java	entire file	Base item identity/API behind ItemStack, Items and ItemBlock.	D0751A6166EB069630467BFD2DD32E5A3278A06E0940B1C6FE30870D2E1A3BFB	-
whole-file	full-files\host\src\minecraft\net\minecraft\entity\item\EntityTNTPrimed.java	src\minecraft\net\minecraft\entity\item\EntityTNTPrimed.java	entire file	TNT fuse state and host entity behavior used by dynamic light classification.	77371E13C6D52E89DD260597A3F4B6255C7D105F306FA887393EC47ED0AD48BF	-
whole-file	full-files\host\src\minecraft\net\minecraft\entity\monster\EntityBlaze.java	src\minecraft\net\minecraft\entity\monster\EntityBlaze.java	entire file	Blaze charged-state and fire behavior used by dynamic light classification.	49FB17E13EBC1C29F3CB96FFBF4D4C2B9F8463D1ED4D378A38205E1A9E8F46BC	-
whole-file	full-files\host\src\minecraft\net\minecraft\entity\monster\EntityCreeper.java	src\minecraft\net\minecraft\entity\monster\EntityCreeper.java	entire file	Creeper flash intensity used by dynamic light classification.	D5B5085112212E8453BC5BB3D71C24A3D5C1DF12AA77FED6CBEB08ACE63500B5	-
whole-file	full-files\host\src\minecraft\net\minecraft\entity\monster\EntityMagmaCube.java	src\minecraft\net\minecraft\entity\monster\EntityMagmaCube.java	entire file	Magma-cube light state subclass.	A100F288B46A3AE301996641AFD9604AB62C142DE36815488B594AFA6D39DD96	-
whole-file	full-files\host\src\minecraft\net\minecraft\entity\monster\EntitySlime.java	src\minecraft\net\minecraft\entity\monster\EntitySlime.java	entire file	Public squishFactor inherited/read by magma-cube light logic.	D682FD09B059682ABE8BADDF25B935AB4F8A26E387CA978476B02C86B8EE9434	-
whole-file	full-files\host\src\minecraft\net\minecraft\entity\item\EntityItem.java	src\minecraft\net\minecraft\entity\item\EntityItem.java	entire file	Dropped-item stack data used by dynamic light classification.	5BE1EF5EA7D515CB0464293A5D58D4E54E802A8F4ED1A6C8788283EC51CFE3B3	-
whole-file	full-files\host\src\minecraft\net\minecraft\entity\projectile\EntityFireball.java	src\minecraft\net\minecraft\entity\projectile\EntityFireball.java	entire file	Fireball always-bright entity contract.	238C39DCCD454ED6205FA668AB43EE6ABF6E5C01B9B6001EB3999B2BDBE5C676	-
whole-file	full-files\host\src\minecraft\shadersmod\client\MultiTexID.java	src\minecraft\shadersmod\client\MultiTexID.java	entire file	Shader texture-id tuple used by the host shader texture bridge.	414B4777BDE32DFF31E1AD60545C3EFCBE7D2B964FD23D44A1625E1D862AC8B5	-
whole-file	full-files\host\src\minecraft\shadersmod\client\ShadersTex.java	src\minecraft\shadersmod\client\ShadersTex.java	entire file	Shader texture binding/upload helper called by renderer wrappers.	B1C86AFE465382FF44E73FA86D67ACD8533479D3138DCEDC56BA98B794376CD7	-
whole-file	full-files\host\src\minecraft\shadersmod\client\SVertexBuilder.java	src\minecraft\shadersmod\client\SVertexBuilder.java	entire file	Shader vertex attribute extension used by BufferBuilder.	F1C371FFD2EF8B71962CC85561D8910D39A976A739A6E18C2FC96C99DB2E3F0D	-
whole-file	full-files\host\src\minecraft\shadersmod\client\ShadowUtils.java	src\minecraft\shadersmod\client\ShadowUtils.java	entire file	Shader shadow-pass helper called by sky/light render paths.	5E2ABC645E4916C2219DE5850599CEDA170949EC5143000D8B453BBB5440ED87	-
whole-file	full-files\host\src\minecraft\shadersmod\common\SMCLog.java	src\minecraft\shadersmod\common\SMCLog.java	entire file	ShaderMod logging boundary.	F0AB0EEAC885D38EA2D1B0E07D4D5F5D8F522BEDC5E35DA2E8D580C1FF1C060A	-
whole-file	full-files\host\src\minecraft\net\minecraft\src\EntityUtils.java	src\minecraft\net\minecraft\src\EntityUtils.java	entire file	OptiFine entity helper used by render/shader code.	D0E80B8D14EB72FD109B1EABF16727C8310ED950E90C94EB09D789BC07994350	-
whole-file	full-files\host\src\minecraft\net\minecraft\src\StrUtils.java	src\minecraft\net\minecraft\src\StrUtils.java	entire file	OptiFine string helper used by resource/shader code.	9B173B52EDE217054962EF03ED177A69B05E1961A851390FDA5CDC9720D3A8ED	-
section-extract	sections\host-access\world-host-contracts.txt	src\minecraft\net\minecraft\world\World.java	63-145	World class and host state fields	728DF3889CCE925EB5CF0291222CD59AF783406BB667191FDB00F4F68CA46EEA	7220A8996A0356B3E9B41650A49A1F31663367B14EE7E6FF773DD0218A2A5877
section-extract	sections\host-access\world-host-contracts.txt	src\minecraft\net\minecraft\world\World.java	182-215	Biome lookup through the loaded chunk	728DF3889CCE925EB5CF0291222CD59AF783406BB667191FDB00F4F68CA46EEA	0F859D2A0EA2E0EF603C6005DB16E41206C0C91D271DDAC33FC75E4CBA0D810D
section-extract	sections\host-access\world-host-contracts.txt	src\minecraft\net\minecraft\world\World.java	343-356	World to Chunk coordinate lookup	728DF3889CCE925EB5CF0291222CD59AF783406BB667191FDB00F4F68CA46EEA	CDD929CF402453924AE972F71109ECFCCF6580CE565EB742B2762E9462C8A0BB
section-extract	sections\host-access\world-host-contracts.txt	src\minecraft\net\minecraft\world\World.java	940-956	World block-state access	728DF3889CCE925EB5CF0291222CD59AF783406BB667191FDB00F4F68CA46EEA	A06218669D4BE9754B938DD92BEBEE6126268AB254C7ED3344BB9D1D00531A94
section-extract	sections\host-access\world-host-contracts.txt	src\minecraft\net\minecraft\world\World.java	3139-3142	Loaded entity list access	728DF3889CCE925EB5CF0291222CD59AF783406BB667191FDB00F4F68CA46EEA	59685BA03D94DDECBBB50874837A96374DE5965C5EB8961620FD21CF3ABA73C1
section-extract	sections\host-access\world-host-contracts.txt	src\minecraft\net\minecraft\world\World.java	3539-3547	World time and total-time access	728DF3889CCE925EB5CF0291222CD59AF783406BB667191FDB00F4F68CA46EEA	8A6C867428AD0E6D765B6B41BC74E7E956EE4B69BC89A12228ED39DEC3D80F50
section-extract	sections\host-access\world-host-contracts.txt	src\minecraft\net\minecraft\world\World.java	3633-3647	WorldInfo and gamerule access	728DF3889CCE925EB5CF0291222CD59AF783406BB667191FDB00F4F68CA46EEA	6C523F8255CC1C3F34C92083E279A3E216A9F329B21A4982F1A5460105DFF2DB
section-extract	sections\host-access\world-host-contracts.txt	src\minecraft\net\minecraft\world\World.java	688-944	World light query and combined-light core	728DF3889CCE925EB5CF0291222CD59AF783406BB667191FDB00F4F68CA46EEA	71AA3B2F951711C08B9690DD17813175C8A207A870FF4682B02381C2FBB93343
section-extract	sections\host-access\world-host-contracts.txt	src\minecraft\net\minecraft\world\World.java	1498-1658	World sky/time/cloud/fog calculations	728DF3889CCE925EB5CF0291222CD59AF783406BB667191FDB00F4F68CA46EEA	75172F468BDF0033EAE406F0B46621F9ED46A6CD474EB56BC444ADFD805C283B
section-extract	sections\host-access\world-host-contracts.txt	src\minecraft\net\minecraft\world\World.java	2537-2678	World weather and skylight state update	728DF3889CCE925EB5CF0291222CD59AF783406BB667191FDB00F4F68CA46EEA	710EB44A6163F74CF98189A29B8A441EA1C6FD10D19003C8EE388B462C5EFEB0
section-extract	sections\host-access\world-host-contracts.txt	src\minecraft\net\minecraft\world\World.java	2782-3000	World block/light propagation checks	728DF3889CCE925EB5CF0291222CD59AF783406BB667191FDB00F4F68CA46EEA	C1891F3F22AA9C3FFD141D1C91F8AAA7B7901D431F9C11504334289D9E99BB23
section-extract	sections\host-access\world-host-contracts.txt	src\minecraft\net\minecraft\world\World.java	3656-3715	World interpolated weather accessors	728DF3889CCE925EB5CF0291222CD59AF783406BB667191FDB00F4F68CA46EEA	5F7AD59D64343E385724B2074439606576CE3A9EB85C21698EA2FDAB778BD6E3
section-extract	sections\host-access\world-host-contracts.txt	src\minecraft\net\minecraft\world\World.java	3956-3974	World skylight subtraction/lightning accessors	728DF3889CCE925EB5CF0291222CD59AF783406BB667191FDB00F4F68CA46EEA	4241E0791D9B599EAFC9A1DF4983FAA005FD9F1AFF74214078843F559F608894
section-extract	sections\host-access\world-host-contracts.txt	src\minecraft\net\minecraft\world\WorldServer.java	179-215	WorldServer skylight tick	728DF3889CCE925EB5CF0291222CD59AF783406BB667191FDB00F4F68CA46EEA	63D194B9501074F0C635D2450C993EE2736BC9AD87534F63AE16DFE94110DE6C
section-extract	sections\host-access\chunk-host-contracts.txt	src\minecraft\net\minecraft\world\chunk\Chunk.java	42-160	Chunk light/storage host fields	781DB5CF6FC7226A1B47520277C763B7FEDCF8411C92AF5A175DEE42A37ED294	3BE0A09B392A1B1B99457A6A2FC655D192A826666D24088584C9C4E5B3E8D7F3
section-extract	sections\host-access\chunk-host-contracts.txt	src\minecraft\net\minecraft\world\chunk\Chunk.java	629-689	Chunk block-state lookup	781DB5CF6FC7226A1B47520277C763B7FEDCF8411C92AF5A175DEE42A37ED294	CC4DFFAD05FF9B48833F875B45CCEA7E2EC1570337A6ED07E59F6E0571B31458
section-extract	sections\host-access\chunk-host-contracts.txt	src\minecraft\net\minecraft\world\chunk\Chunk.java	823-902	Chunk SKY/BLOCK light storage	781DB5CF6FC7226A1B47520277C763B7FEDCF8411C92AF5A175DEE42A37ED294	10D1EBAFC556E706D8B709E85E853D244CD24DC8A06282D72C1636F29AA3E504
section-extract	sections\host-access\chunk-host-contracts.txt	src\minecraft\net\minecraft\world\chunk\Chunk.java	959-970	Chunk sky visibility	781DB5CF6FC7226A1B47520277C763B7FEDCF8411C92AF5A175DEE42A37ED294	AB8A86813EAAD78F5AAE1BD7FAF434174E047846397C0B4CEF563F2191DE71BD
section-extract	sections\host-access\chunk-host-contracts.txt	src\minecraft\net\minecraft\world\chunk\Chunk.java	1499-1635	Chunk queued relight checks	781DB5CF6FC7226A1B47520277C763B7FEDCF8411C92AF5A175DEE42A37ED294	D5BF14C96B27E18081F557626FBD571DB2B6146C2D76ED5E516F908D1CBF1D40
section-extract	sections\host-access\chunk-host-contracts.txt	src\minecraft\net\minecraft\world\chunk\Chunk.java	1179-1182	Chunk empty/loaded/world accessors	781DB5CF6FC7226A1B47520277C763B7FEDCF8411C92AF5A175DEE42A37ED294	F3B7FB9679EFE1F3D1921B827F788C6D821A4CB4B3BDC216C241417263529396
section-extract	sections\host-access\chunk-host-contracts.txt	src\minecraft\net\minecraft\world\chunk\Chunk.java	1639-1652	Chunk loaded/world accessors	781DB5CF6FC7226A1B47520277C763B7FEDCF8411C92AF5A175DEE42A37ED294	C9403271880F3F65DDF0D98FB1F8B3784C06DC0ED84C5F2FBB443175AA9DE53B
section-extract	sections\host-access\block-host-contracts.txt	src\minecraft\net\minecraft\block\Block.java	57-75	Block light fields	AC3E5E97EAC18326635AB7FB224ACD0A2AA90DE666DCA5E048A06E69B75FF794	D06DD4E803C5B3F02C452FE7B1579BC501E53A3F0A949DEF4C2DE4A00DE8D3FC
section-extract	sections\host-access\block-host-contracts.txt	src\minecraft\net\minecraft\block\Block.java	192-220	Block light property accessors	AC3E5E97EAC18326635AB7FB224ACD0A2AA90DE666DCA5E048A06E69B75FF794	5A405F4EF76F5DFEDC6791EAE56A957CF02401A026D837C0844A38CB6E11643B
section-extract	sections\host-access\block-host-contracts.txt	src\minecraft\net\minecraft\block\Block.java	301-347	Block constructor and light setters	AC3E5E97EAC18326635AB7FB224ACD0A2AA90DE666DCA5E048A06E69B75FF794	61E5F033330AD19BFB9AB1D2BDAA3BF97688F0B7E8A98BCE4A5034C182E97074
section-extract	sections\host-access\block-host-contracts.txt	src\minecraft\net\minecraft\block\Block.java	1191-1512	Block registry and light constants	AC3E5E97EAC18326635AB7FB224ACD0A2AA90DE666DCA5E048A06E69B75FF794	2E8C1739A1A8F924CD8DF4D74060BDFECA2BD32CE6F75539DCEACBACC909BB45
section-extract	sections\host-access\minecraft-host-contracts.txt	src\minecraft\net\minecraft\client\Minecraft.java	237-318	Minecraft renderer/world host fields	8EDEFEB85BD766E7EFE6714683974E55086142D4633ED221E226A3EB93E4D429	AF084521D3E094B022C9EEFAFB88D246C4A5C0430A6D344619676935E166E366
section-extract	sections\host-access\minecraft-host-contracts.txt	src\minecraft\net\minecraft\client\Minecraft.java	526-603	Minecraft client subsystem construction	8EDEFEB85BD766E7EFE6714683974E55086142D4633ED221E226A3EB93E4D429	67373BF6A348A8A0EB9447195F8945CA9DE39B94A0E5ECDD0A8434700A2AAA90
section-extract	sections\host-access\minecraft-host-contracts.txt	src\minecraft\net\minecraft\client\Minecraft.java	3011-3014	Minecraft singleton accessor	8EDEFEB85BD766E7EFE6714683974E55086142D4633ED221E226A3EB93E4D429	6240FBCC4E017C738807B9AB39726CDC2180B99AE773978E7B2F8F8A446A8E0C
section-extract	sections\host-access\minecraft-host-contracts.txt	src\minecraft\net\minecraft\client\Minecraft.java	3317-3325	Minecraft texture/resource manager accessors	8EDEFEB85BD766E7EFE6714683974E55086142D4633ED221E226A3EB93E4D429	302BF6FEA12C6053C0806DEDF18701487FB9A8129C0FD92A03DF59B608177250
section-extract	sections\host-access\minecraft-host-contracts.txt	src\minecraft\net\minecraft\client\Minecraft.java	3426-3435	Minecraft render-view entity accessor	8EDEFEB85BD766E7EFE6714683974E55086142D4633ED221E226A3EB93E4D429	E03DD8DC47DD50BD7B44AA45345147B99F19199E9E7891D0B5963DFBA885DFEC
section-extract	sections\host-access\minecraft-host-contracts.txt	src\minecraft\net\minecraft\client\Minecraft.java	3481-3494	Minecraft renderer/item accessors	8EDEFEB85BD766E7EFE6714683974E55086142D4633ED221E226A3EB93E4D429	31BF459DCA3A79A04222A68659D3FE508F4C1F4D1EBAA9016D5989BA802EC5E1
section-extract	sections\host-access\minecraft-host-contracts.txt	src\minecraft\net\minecraft\client\Minecraft.java	3535-3538	Minecraft partial-tick accessor	8EDEFEB85BD766E7EFE6714683974E55086142D4633ED221E226A3EB93E4D429	F1AF259E8CBA618E73EF2D7D5707181F3CB3C54547BCCB184B093D187246A111
section-extract	sections\host-access\entity-dynamic-light-contracts.txt	src\minecraft\net\minecraft\entity\Entity.java	105-118	Entity world and position fields	30CD9BDDC6886C4D9B1FA2C2F69AB2C7AB725A9B42054F69439EC5607CA70CC5	E4983E430295364B69B3CBF2533CEB1D5D9809EC9B5ED94B6977F44759F6A648
section-extract	sections\host-access\entity-dynamic-light-contracts.txt	src\minecraft\net\minecraft\entity\Entity.java	322-368	Entity id/data accessors	30CD9BDDC6886C4D9B1FA2C2F69AB2C7AB725A9B42054F69439EC5607CA70CC5	B7F4FD754C88F7C74BA0034E7E8B7B7704AD6CC00D63873E8F2B5DECACEF8EE6
section-extract	sections\host-access\entity-dynamic-light-contracts.txt	src\minecraft\net\minecraft\entity\Entity.java	1527-1556	Entity brightness queries	30CD9BDDC6886C4D9B1FA2C2F69AB2C7AB725A9B42054F69439EC5607CA70CC5	DF16CE3E8C33F157AE17A0457DBA659F1DC35513C67ACA0B52F7FD36F8F4F9F1
section-extract	sections\host-access\entity-dynamic-light-contracts.txt	src\minecraft\net\minecraft\entity\Entity.java	2541-2548	Entity burning predicate	30CD9BDDC6886C4D9B1FA2C2F69AB2C7AB725A9B42054F69439EC5607CA70CC5	CD793F7CBDF344C35133618DFAA0FEB1ABA5EB062F2DB7DB6F20F15607054FB8
section-extract	sections\host-access\entity-dynamic-light-contracts.txt	src\minecraft\net\minecraft\entity\Entity.java	3236-3306	Entity bounds/eye/position methods	30CD9BDDC6886C4D9B1FA2C2F69AB2C7AB725A9B42054F69439EC5607CA70CC5	CB17FBB3EA112B75F51BEB159A88CD340D2A00E768252F4B4C94D45A687698A4
section-extract	sections\host-access\entity-dynamic-light-contracts.txt	src\minecraft\net\minecraft\entity\EntityLivingBase.java	1828-1880	Living entity equipment access	30CD9BDDC6886C4D9B1FA2C2F69AB2C7AB725A9B42054F69439EC5607CA70CC5	9D959E308F26C2C8FA1D03FFF8CB13780A51887717EFEC70B0A884B267B36D71
section-extract	sections\host-access\entity-dynamic-light-contracts.txt	src\minecraft\net\minecraft\entity\EntityLivingBase.java	3047-3050	Living entity active item	30CD9BDDC6886C4D9B1FA2C2F69AB2C7AB725A9B42054F69439EC5607CA70CC5	C4C8E025E8431A2F7222E87819DF6514D350CE9EEFDD7F48F64E65F11D124566
section-extract	sections\host-access\entity-dynamic-light-contracts.txt	src\minecraft\net\minecraft\entity\player\EntityPlayer.java	2263-2277	Player equipment implementation	30CD9BDDC6886C4D9B1FA2C2F69AB2C7AB725A9B42054F69439EC5607CA70CC5	69094BC4D933E0DC86F1EC861DA293CD8C3608BA5BCFE0E11168154B5AFE063C
section-extract	sections\host-access\entity-dynamic-light-contracts.txt	src\minecraft\net\minecraft\entity\player\EntityPlayer.java	2385-2390	Player spectator predicate	30CD9BDDC6886C4D9B1FA2C2F69AB2C7AB725A9B42054F69439EC5607CA70CC5	57D8B191570B8690AA10770C8737E4B72038D4EFB074E576C8783D619895FCBB
section-extract	sections\host-access\entity-dynamic-light-contracts.txt	src\minecraft\net\minecraft\entity\monster\EntitySlime.java	39-50	Slime/magma squish state	30CD9BDDC6886C4D9B1FA2C2F69AB2C7AB725A9B42054F69439EC5607CA70CC5	AE029F50903BFF51230E45C5242307371495636B19FD67AA988D8A5FDCE6AF79
section-extract	sections\host-access\entity-dynamic-light-contracts.txt	src\minecraft\net\minecraft\entity\monster\EntityBlaze.java	167-184	Blaze charged/burning state	30CD9BDDC6886C4D9B1FA2C2F69AB2C7AB725A9B42054F69439EC5607CA70CC5	66F5D38CACDD0C6C73E643EDDB621A18275F50E063A702C75126EFD6E850704C
section-extract	sections\host-access\entity-dynamic-light-contracts.txt	src\minecraft\net\minecraft\entity\monster\EntityCreeper.java	243-249	Creeper flash intensity	30CD9BDDC6886C4D9B1FA2C2F69AB2C7AB725A9B42054F69439EC5607CA70CC5	5E55346ADAA74672BD2D20AB43E9591FB838DD1395615F6AE86B426E9B4C92F3
section-extract	sections\host-access\entity-dynamic-light-contracts.txt	src\minecraft\net\minecraft\entity\item\EntityItem.java	457-472	Dropped-item stack data	30CD9BDDC6886C4D9B1FA2C2F69AB2C7AB725A9B42054F69439EC5607CA70CC5	80AD83FBE1580C6326E25523428C19A57965F8B32E19783DC6AE9B6CD57662C5
section-extract	sections\host-access\entity-dynamic-light-contracts.txt	src\minecraft\net\minecraft\entity\item\EntityTNTPrimed.java	156-170	TNT fuse data	30CD9BDDC6886C4D9B1FA2C2F69AB2C7AB725A9B42054F69439EC5607CA70CC5	DFBFFDC2BE58F510BAC2551856D6FCFD2F7E1921381406645011B097B309A0D1
section-extract	sections\host-access\entity-dynamic-light-contracts.txt	src\minecraft\net\minecraft\entity\projectile\EntityFireball.java	259-270	Fireball brightness override	30CD9BDDC6886C4D9B1FA2C2F69AB2C7AB725A9B42054F69439EC5607CA70CC5	DBA270E636235187FC6B09B88576E0DCE9008D882E740279B142AC6A07136F0A
section-extract	sections\host-access\entity-dynamic-light-contracts.txt	src\minecraft\net\minecraft\item\ItemStack.java	51-114	ItemStack construction/empty state	30CD9BDDC6886C4D9B1FA2C2F69AB2C7AB725A9B42054F69439EC5607CA70CC5	719BA0950E078F4AFB42B2FAC71E8D89288E7C685307456134D10DA938FA2FF0
section-extract	sections\host-access\entity-dynamic-light-contracts.txt	src\minecraft\net\minecraft\item\ItemStack.java	140-187	ItemStack item access	30CD9BDDC6886C4D9B1FA2C2F69AB2C7AB725A9B42054F69439EC5607CA70CC5	BBBC230EB08FD21EA083F35B9D06CC5827C96AA28DD3CDAF6B9605F178039CE5
section-extract	sections\host-access\entity-dynamic-light-contracts.txt	src\minecraft\net\minecraft\init\Blocks.java	45-55	Registered light blocks	30CD9BDDC6886C4D9B1FA2C2F69AB2C7AB725A9B42054F69439EC5607CA70CC5	60134B662DE567B562F87E034EEB0058288832E8F4E1908572B35FFE9A2F72C7
section-extract	sections\host-access\entity-dynamic-light-contracts.txt	src\minecraft\net\minecraft\init\Blocks.java	190-199	Registered beacon block	30CD9BDDC6886C4D9B1FA2C2F69AB2C7AB725A9B42054F69439EC5607CA70CC5	5CAFEDD70E4517DE12F866070685B7E7FEE35B3F7D777836AD161FF06E7BE7F3
section-extract	sections\host-access\entity-dynamic-light-contracts.txt	src\minecraft\net\minecraft\init\Blocks.java	335-338	Water/lava block registration	30CD9BDDC6886C4D9B1FA2C2F69AB2C7AB725A9B42054F69439EC5607CA70CC5	91A9DE29671DC6BD1652164FB68AA24374460FA25A9ADE055E00E7B8B1BF29F0
section-extract	sections\host-access\entity-dynamic-light-contracts.txt	src\minecraft\net\minecraft\init\Blocks.java	479-481	Beacon block registration	30CD9BDDC6886C4D9B1FA2C2F69AB2C7AB725A9B42054F69439EC5607CA70CC5	445821968FDFF0A2B6E8990E3AC66490CE69DAE751A3F46DDCC6368FACA1D825
section-extract	sections\host-access\entity-dynamic-light-contracts.txt	src\minecraft\net\minecraft\init\Items.java	93-121	Dynamic-light item singleton declarations	30CD9BDDC6886C4D9B1FA2C2F69AB2C7AB725A9B42054F69439EC5607CA70CC5	88C7987D039D60A257D9421CE52D1A65FAFE0E706EA44177662ECE46B428DB9D
section-extract	sections\host-access\entity-dynamic-light-contracts.txt	src\minecraft\net\minecraft\init\Items.java	145-161	Dynamic-light monster item declarations	30CD9BDDC6886C4D9B1FA2C2F69AB2C7AB725A9B42054F69439EC5607CA70CC5	09E3C67B6525129E0CEB396987471C366DF10251C5B0D690D6B8922B45F5EDB1
section-extract	sections\host-access\entity-dynamic-light-contracts.txt	src\minecraft\net\minecraft\init\Items.java	326-354	Lava/glowstone item registration	30CD9BDDC6886C4D9B1FA2C2F69AB2C7AB725A9B42054F69439EC5607CA70CC5	147F861AB0A2561D3539878D81FDCA2999E949296584D15BC0CE36FB6EFA8BAC
section-extract	sections\host-access\entity-dynamic-light-contracts.txt	src\minecraft\net\minecraft\init\Items.java	380-394	Blaze/magma item registration	30CD9BDDC6886C4D9B1FA2C2F69AB2C7AB725A9B42054F69439EC5607CA70CC5	9E986D298723CB0F8288746AB1B696F7C55123C4A7BE1CFA848AD5ED3B455B1C
section-extract	sections\host-access\entity-dynamic-light-contracts.txt	src\minecraft\net\minecraft\init\Items.java	413-415	Nether-star/prismarine item registration	30CD9BDDC6886C4D9B1FA2C2F69AB2C7AB725A9B42054F69439EC5607CA70CC5	C8A09BEEF18DAD5C2D7C15082A16CE44CC1F001B59FEB7FC0C640E8393B2947F
section-extract	sections\host-access\entity-dynamic-light-contracts.txt	src\minecraft\net\minecraft\init\Items.java	443-445	Prismarine-crystal item registration	30CD9BDDC6886C4D9B1FA2C2F69AB2C7AB725A9B42054F69439EC5607CA70CC5	353CEE167771797C4EB0AEC6C11D42163D91C83C505CBC928874A341C2965FF5
section-extract	sections\host-access\render-cache-contracts.txt	src\minecraft\net\minecraft\client\renderer\RenderGlobal.java	2802-2808	RenderGlobal block-range invalidation	A0DE52F1F8F7055414D4641F0416926515962B0AC7117C1BBDFC2E7F2BAC5589	2A9D887EC92F70E172DFA5C8043643CE2421B6DBAAADDCEEB9C3B8B508122120
section-extract	sections\host-access\render-cache-contracts.txt	src\minecraft\net\minecraft\client\renderer\RenderGlobal.java	3518-3526	RenderGlobal render-chunk/world access	A0DE52F1F8F7055414D4641F0416926515962B0AC7117C1BBDFC2E7F2BAC5589	A32BFA544CE01664AAB1486B43455A62C13ECC31EFEE584A05C1335D7224E8E3
section-extract	sections\host-access\render-cache-contracts.txt	src\minecraft\net\minecraft\client\renderer\chunk\RenderChunk.java	448-451	RenderChunk compiled-chunk access	A0DE52F1F8F7055414D4641F0416926515962B0AC7117C1BBDFC2E7F2BAC5589	F5DE30F39AB53BAB5E6BCA7B141AD57080E60D2DAD4B62BB00F3DC761D5D60A7
section-extract	sections\host-access\render-cache-contracts.txt	src\minecraft\net\minecraft\client\renderer\chunk\RenderChunk.java	487-500	RenderChunk position/update access	A0DE52F1F8F7055414D4641F0416926515962B0AC7117C1BBDFC2E7F2BAC5589	7EB4CEB1071A6B45CC6B36B9AD518256E347E18E64F443B7994C98FA41C4565A
section-extract	sections\host-access\render-cache-contracts.txt	src\minecraft\net\minecraft\client\renderer\chunk\RenderChunk.java	525-533	RenderChunk neighbor offset	A0DE52F1F8F7055414D4641F0416926515962B0AC7117C1BBDFC2E7F2BAC5589	FBE740EFAAA419FBDD4EBC4782B4595B4F5420FE991EFC7A81182D6F452B1847
section-extract	sections\host-access\render-cache-contracts.txt	src\minecraft\net\minecraft\client\renderer\chunk\CompiledChunk.java	28-37	CompiledChunk empty predicate	A0DE52F1F8F7055414D4641F0416926515962B0AC7117C1BBDFC2E7F2BAC5589	94F2A28753967E49E5C01B8E1B295560A2F181D839A649B1064043448BE01154
contract-note	sections\host-access\glstate-lwjgl-contracts.txt	mcp940 host API contract	n/a	Input/output contract for OpenGL wrappers and external LWJGL binaries.	4643860F7DA81499307C81B1EC5A5C63698417340CD9565F91FB0D601FD8175D	-
external-binary	external\lwjgl\jars\libraries\org\lwjgl\lwjgl\lwjgl\2.9.4-nightly-20150209\lwjgl-2.9.4-nightly-20150209.jar	jars\libraries\org\lwjgl\lwjgl\lwjgl\2.9.4-nightly-20150209\lwjgl-2.9.4-nightly-20150209.jar	entire file	LWJGL core Java API used by OpenGL/input calls.	833E721817F70D1445EEC13D8CE5A86E12AF70EFAC5014356302E2BBC68B3FE2	-
external-binary	external\lwjgl\jars\libraries\org\lwjgl\lwjgl\lwjgl_util\2.9.4-nightly-20150209\lwjgl_util-2.9.4-nightly-20150209.jar	jars\libraries\org\lwjgl\lwjgl\lwjgl_util\2.9.4-nightly-20150209\lwjgl_util-2.9.4-nightly-20150209.jar	entire file	LWJGL utility Java API used by GLU/vector helpers.	034456B132A336B72757325BB7AAF99E075681EE5650D2BEA21717BD485DE42F	-
external-binary	external\lwjgl\jars\libraries\org\lwjgl\lwjgl\lwjgl-platform\2.9.4-nightly-20150209\lwjgl-platform-2.9.4-nightly-20150209-natives-windows.jar	jars\libraries\org\lwjgl\lwjgl\lwjgl-platform\2.9.4-nightly-20150209\lwjgl-platform-2.9.4-nightly-20150209-natives-windows.jar	entire file	LWJGL Windows native packaging artifact.	F2E1F2C6BD7511A7504F389B8B716F5D8DC2FDC71E29C89B52644314CF0A228E	-
external-binary	external\lwjgl\jars\versions\1.12\1.12-natives\lwjgl.dll	jars\versions\1.12\1.12-natives\lwjgl.dll	entire file	LWJGL 32-bit Windows native library.	FFF711369747E9BB3656D4C5BDEE7051BBC13F30ABD634418BF40706A25F365C	-
external-binary	external\lwjgl\jars\versions\1.12\1.12-natives\lwjgl64.dll	jars\versions\1.12\1.12-natives\lwjgl64.dll	entire file	LWJGL 64-bit Windows native library.	EBDCEDBC3E24B911AACD7BB666AB426397CA7D7883A8D4E3CF28946041C95425	-
